{
	"code": 0,
	"data": {
		"hotCity": [{
			"id": 1,
			"cityCode": 110100,
			"cityName": "北京市",
			"countryName": "China",
			"cityImg": "",
			"latitude": "",
			"longitude": ""
		}, {
			"id": 2,
			"cityCode": 210100,
			"cityName": "沈阳市",
			"countryName": "China",
			"cityImg": "",
			"latitude": "",
			"longitude": ""
		}, {
			"id": 24,
			"cityCode": 610100,
			"cityName": "西安市",
			"countryName": "中国",
			"cityImg": "",
			"latitude": "",
			"longitude": ""
		}, {
			"id": 26,
			"cityCode": 510100,
			"cityName": "成都市",
			"countryName": "中国",
			"cityImg": "",
			"latitude": "",
			"longitude": ""
		}, {
			"id": 28,
			"cityCode": 460200,
			"cityName": "三亚市",
			"countryName": "中国",
			"cityImg": "",
			"latitude": "",
			"longitude": ""
		}, {
			"id": 29,
			"cityCode": 350200,
			"cityName": "厦门市",
			"countryName": "中国",
			"cityImg": "",
			"latitude": "",
			"longitude": ""
		}, {
			"id": 30,
			"cityCode": 370200,
			"cityName": "青岛市",
			"countryName": "中国",
			"cityImg": "",
			"latitude": "",
			"longitude": ""
		}],
		"homestay": [{
			"houseId": 1753317,
			"sex": "",
			"roommode": 1,
			"price": 888.0,
			"title": "10号线三元桥站东三环豪华行政一居",
			"coverImg": "http://img.tgljweb.com/agent_1753317_149222601698629.jpg",
			"cityName": "北京市",
			"areaName": "朝阳区",
			"maxguest": 2,
			"minguest": 1,
			"uid": 2719566,
			"roomtype": 91,
			"roomtypeName": "普通民居",
			"avgLevel": 4.5,
			"commentCount": 2,
			"isCollection": false,
			"avatar": "",
			"roomnum": 1,
			"officenum": 1,
			"isRealtime": false,
			"national": 10001,
			"aroundName": "",
			"aroundDistance": "",
			"orderCount": "",
			"spotName": "",
			"spotDistance": "",
			"iszhima": "",
			"longitude": "",
			"latitude": "",
			"collection": false
		}, {
			"houseId": 1758389,
			"sex": "",
			"roommode": 1,
			"price": 479.0,
			"title": "上海徐汇法租界loft温馨房",
			"coverImg": "http://img.tgljweb.com/house_14943165418147821.png",
			"cityName": "上海市",
			"areaName": "徐汇区",
			"maxguest": 3,
			"minguest": 2,
			"uid": 2723875,
			"roomtype": 77,
			"roomtypeName": "loft",
			"avgLevel": 4.0,
			"commentCount": 2,
			"isCollection": false,
			"avatar": "",
			"roomnum": 1,
			"officenum": 1,
			"isRealtime": true,
			"national": 10001,
			"aroundName": "",
			"aroundDistance": "",
			"orderCount": "",
			"spotName": "",
			"spotDistance": "",
			"iszhima": "",
			"longitude": "",
			"latitude": "",
			"collection": false
		}, {
			"houseId": 1756027,
			"sex": "",
			"roommode": 1,
			"price": 378.0,
			"title": "城西繁华商圈loft",
			"coverImg": "http://img.tgljweb.com/house_1493293242045_4439.png",
			"cityName": "杭州市",
			"areaName": "拱墅区",
			"maxguest": 6,
			"minguest": 6,
			"uid": 2710666,
			"roomtype": 77,
			"roomtypeName": "loft",
			"avgLevel": 4.0,
			"commentCount": 2,
			"isCollection": false,
			"avatar": "",
			"roomnum": 3,
			"officenum": 1,
			"isRealtime": false,
			"national": 10001,
			"aroundName": "",
			"aroundDistance": "",
			"orderCount": 1,
			"spotName": "",
			"spotDistance": "",
			"iszhima": "",
			"longitude": "",
			"latitude": "",
			"collection": false
		}, {
			"houseId": 1768615,
			"sex": "",
			"roommode": 1,
			"price": 698.0,
			"title": "儿童医院北京西站故宫旁温馨干净大两居",
			"coverImg": "http://img.tgljweb.com/__150112469797807.jpg",
			"cityName": "北京市",
			"areaName": "西城区",
			"maxguest": 6,
			"minguest": 5,
			"uid": 2724852,
			"roomtype": 91,
			"roomtypeName": "普通民居",
			"avgLevel": 0.0,
			"commentCount": 0,
			"isCollection": false,
			"avatar": "",
			"roomnum": 2,
			"officenum": 1,
			"isRealtime": false,
			"national": 10001,
			"aroundName": "",
			"aroundDistance": "",
			"orderCount": "",
			"spotName": "",
			"spotDistance": "",
			"iszhima": 0,
			"longitude": "",
			"latitude": "",
			"collection": false
		}, {
			"houseId": 1766914,
			"sex": "",
			"roommode": 1,
			"price": 498.0,
			"title": "北京西站肿瘤医院儿童天地大两居",
			"coverImg": "http://img.tgljweb.com/__150112481364269.jpg",
			"cityName": "北京市",
			"areaName": "丰台区",
			"maxguest": 6,
			"minguest": 5,
			"uid": 2724852,
			"roomtype": 91,
			"roomtypeName": "普通民居",
			"avgLevel": 0.0,
			"commentCount": 0,
			"isCollection": false,
			"avatar": "",
			"roomnum": 2,
			"officenum": 1,
			"isRealtime": false,
			"national": 10001,
			"aroundName": "",
			"aroundDistance": "",
			"orderCount": "",
			"spotName": "",
			"spotDistance": "",
			"iszhima": 0,
			"longitude": "",
			"latitude": "",
			"collection": false
		}],
		"apartment": [{
			"houseId": 1753439,
			"sex": "",
			"roommode": 2,
			"price": 780.0,
			"title": "沙井单间凯谋概念酒店精品大床房",
			"coverImg": "http://img.tgljweb.com/agent_1753439_149225239841899.jpg",
			"cityName": "深圳市",
			"areaName": "宝安区",
			"maxguest": 3,
			"minguest": 3,
			"uid": 2720415,
			"roomtype": 95,
			"roomtypeName": "精品酒店",
			"avgLevel": 4.0,
			"commentCount": 2,
			"isCollection": false,
			"avatar": "",
			"roomnum": 1,
			"officenum": 1,
			"isRealtime": false,
			"national": 10001,
			"aroundName": "",
			"aroundDistance": "",
			"orderCount": "",
			"spotName": "",
			"spotDistance": "",
			"iszhima": "",
			"longitude": "",
			"latitude": "",
			"collection": false
		}, {
			"houseId": 1751668,
			"sex": "",
			"roommode": 1,
			"price": 772.0,
			"title": "A5暮色天空 豪华复式一居电影套房",
			"coverImg": "http://img.tgljweb.com/pcHouse_65_1490765415.jpg",
			"cityName": "北京市",
			"areaName": "顺义区",
			"maxguest": 2,
			"minguest": 1,
			"uid": 2712496,
			"roomtype": 67,
			"roomtypeName": "精品公寓",
			"avgLevel": 5.0,
			"commentCount": 42,
			"isCollection": false,
			"avatar": "",
			"roomnum": 1,
			"officenum": 1,
			"isRealtime": false,
			"national": 10001,
			"aroundName": "",
			"aroundDistance": "",
			"orderCount": 18,
			"spotName": "",
			"spotDistance": "",
			"iszhima": "",
			"longitude": "",
			"latitude": "",
			"collection": false
		}, {
			"houseId": 1745899,
			"sex": "",
			"roommode": 1,
			"price": 980.0,
			"title": "鼓楼大街未名四合院家庭房",
			"coverImg": "http://img.tgljweb.com/pcHouse_63_1489398221.jpg",
			"cityName": "北京市",
			"areaName": "东城区",
			"maxguest": 3,
			"minguest": 1,
			"uid": 2710528,
			"roomtype": 67,
			"roomtypeName": "精品公寓",
			"avgLevel": 5.0,
			"commentCount": 36,
			"isCollection": false,
			"avatar": "",
			"roomnum": 1,
			"officenum": 0,
			"isRealtime": false,
			"national": 10001,
			"aroundName": "",
			"aroundDistance": "",
			"orderCount": 6,
			"spotName": "南锣鼓巷/鼓楼",
			"spotDistance": "0.5799470409226751",
			"iszhima": "",
			"longitude": "",
			"latitude": "",
			"collection": false
		}, {
			"houseId": 1751669,
			"sex": "",
			"roommode": 1,
			"price": 872.0,
			"title": "A6 艺术印象 豪华复式二居套房",
			"coverImg": "http://img.tgljweb.com/pcHouse_65_1490765882.jpg",
			"cityName": "北京市",
			"areaName": "顺义区",
			"maxguest": 3,
			"minguest": 1,
			"uid": 2712496,
			"roomtype": 67,
			"roomtypeName": "精品公寓",
			"avgLevel": 5.0,
			"commentCount": 36,
			"isCollection": false,
			"avatar": "",
			"roomnum": 2,
			"officenum": 1,
			"isRealtime": false,
			"national": 10001,
			"aroundName": "",
			"aroundDistance": "",
			"orderCount": "",
			"spotName": "",
			"spotDistance": "",
			"iszhima": "",
			"longitude": "",
			"latitude": "",
			"collection": false
		}, {
			"houseId": 1753335,
			"sex": "",
			"roommode": 1,
			"price": 600.0,
			"title": "10号线三元桥站东三环商务大床房",
			"coverImg": "http://img.tgljweb.com/agent_1753335_149222880968860.jpg",
			"cityName": "北京市",
			"areaName": "朝阳区",
			"maxguest": 2,
			"minguest": 1,
			"uid": 2719566,
			"roomtype": 67,
			"roomtypeName": "精品公寓",
			"avgLevel": 3.5,
			"commentCount": 2,
			"isCollection": false,
			"avatar": "",
			"roomnum": 1,
			"officenum": 1,
			"isRealtime": false,
			"national": 10001,
			"aroundName": "",
			"aroundDistance": "",
			"orderCount": 1,
			"spotName": "",
			"spotDistance": "",
			"iszhima": "",
			"longitude": "",
			"latitude": "",
			"collection": false
		}],
		"inn": [{
			"houseId": 1614056,
			"sex": "",
			"roommode": 1,
			"price": 88.0,
			"title": "北京时光青年旅社",
			"coverImg": "http://img.tgljweb.com/5704a03fb2245_640_403.jpg",
			"cityName": "北京市",
			"areaName": "海淀区",
			"maxguest": 1,
			"minguest": 1,
			"uid": 2443312,
			"roomtype": 72,
			"roomtypeName": "独立屋",
			"avgLevel": 4.5,
			"commentCount": 2,
			"isCollection": false,
			"avatar": "",
			"roomnum": 1,
			"officenum": 1,
			"isRealtime": false,
			"national": 10001,
			"aroundName": "",
			"aroundDistance": "",
			"orderCount": "",
			"spotName": "圆明园",
			"spotDistance": "3.2972735122286982",
			"iszhima": "",
			"longitude": "",
			"latitude": "",
			"collection": false
		}, {
			"houseId": 1753120,
			"sex": "",
			"roommode": 2,
			"price": 198.0,
			"title": "动感佳音经典大床房",
			"coverImg": "http://img.tgljweb.com/house_1492185085309_7833.png",
			"cityName": "沈阳市",
			"areaName": "和平区",
			"maxguest": 2,
			"minguest": 2,
			"uid": 2719669,
			"roomtype": 72,
			"roomtypeName": "独立屋",
			"avgLevel": 4.5,
			"commentCount": 2,
			"isCollection": false,
			"avatar": "",
			"roomnum": 1,
			"officenum": 1,
			"isRealtime": false,
			"national": 10001,
			"aroundName": "",
			"aroundDistance": "",
			"orderCount": "",
			"spotName": "",
			"spotDistance": "",
			"iszhima": "",
			"longitude": "",
			"latitude": "",
			"collection": false
		}, {
			"houseId": 1623164,
			"sex": "",
			"roommode": 3,
			"price": 200.0,
			"title": "风铃驿站园景大床房",
			"coverImg": "http://img.tgljweb.com/house_51332_1477626657933.png",
			"cityName": "杭州市",
			"areaName": "淳安县",
			"maxguest": 2,
			"minguest": 1,
			"uid": 2493928,
			"roomtype": 72,
			"roomtypeName": "独立屋",
			"avgLevel": 4.0,
			"commentCount": 2,
			"isCollection": false,
			"avatar": "",
			"roomnum": 0,
			"officenum": 0,
			"isRealtime": false,
			"national": 10001,
			"aroundName": "",
			"aroundDistance": "",
			"orderCount": "",
			"spotName": "千岛湖",
			"spotDistance": "7.956321959247929",
			"iszhima": "",
			"longitude": "",
			"latitude": "",
			"collection": false
		}, {
			"houseId": 1759051,
			"sex": "",
			"roommode": 3,
			"price": 40.0,
			"title": "东窗思雨青年旅社女生床位",
			"coverImg": "http://img.tgljweb.com/agent_1759051_149457844023453.jpg",
			"cityName": "北京市",
			"areaName": "朝阳区",
			"maxguest": 1,
			"minguest": 1,
			"uid": 2724232,
			"roomtype": 81,
			"roomtypeName": "青年宿舍",
			"avgLevel": 3.5,
			"commentCount": 2,
			"isCollection": false,
			"avatar": "",
			"roomnum": 2,
			"officenum": 0,
			"isRealtime": false,
			"national": 10001,
			"aroundName": "",
			"aroundDistance": "",
			"orderCount": "",
			"spotName": "",
			"spotDistance": "",
			"iszhima": "",
			"longitude": "",
			"latitude": "",
			"collection": false
		}, {
			"houseId": 1759052,
			"sex": "",
			"roommode": 3,
			"price": 35.0,
			"title": "东窗思雨青年旅社男生床位",
			"coverImg": "http://img.tgljweb.com/agent_1759052_149457859098436.jpg",
			"cityName": "北京市",
			"areaName": "朝阳区",
			"maxguest": 1,
			"minguest": 1,
			"uid": 2724232,
			"roomtype": 81,
			"roomtypeName": "青年宿舍",
			"avgLevel": 4.5,
			"commentCount": 2,
			"isCollection": false,
			"avatar": "",
			"roomnum": 2,
			"officenum": 0,
			"isRealtime": false,
			"national": 10001,
			"aroundName": "",
			"aroundDistance": "",
			"orderCount": "",
			"spotName": "",
			"spotDistance": "",
			"iszhima": "",
			"longitude": "",
			"latitude": "",
			"collection": false
		}],
		"villa": [{
			"houseId": 1753522,
			"sex": "",
			"roommode": 1,
			"price": 3380.0,
			"title": "阿凡提别墅轰趴二号馆",
			"coverImg": "http://img.tgljweb.com/agent_1753522_149239615277213.jpg",
			"cityName": "北京市",
			"areaName": "昌平区",
			"maxguest": 35,
			"minguest": 30,
			"uid": 2719587,
			"roomtype": 79,
			"roomtypeName": "独栋别墅",
			"avgLevel": 4.5,
			"commentCount": 2,
			"isCollection": false,
			"avatar": "",
			"roomnum": 4,
			"officenum": 2,
			"isRealtime": false,
			"national": 10001,
			"aroundName": "",
			"aroundDistance": "",
			"orderCount": "",
			"spotName": "",
			"spotDistance": "",
			"iszhima": "",
			"longitude": "",
			"latitude": "",
			"collection": false
		}, {
			"houseId": 1753528,
			"sex": "",
			"roommode": 1,
			"price": 3680.0,
			"title": "阿凡提别墅轰趴三号馆",
			"coverImg": "http://img.tgljweb.com/agent_1753528_149239687740500.jpg",
			"cityName": "北京市",
			"areaName": "昌平区",
			"maxguest": 50,
			"minguest": 45,
			"uid": 2719587,
			"roomtype": 79,
			"roomtypeName": "独栋别墅",
			"avgLevel": 4.5,
			"commentCount": 2,
			"isCollection": false,
			"avatar": "",
			"roomnum": 6,
			"officenum": 2,
			"isRealtime": false,
			"national": 10001,
			"aroundName": "",
			"aroundDistance": "",
			"orderCount": "",
			"spotName": "",
			"spotDistance": "",
			"iszhima": "",
			"longitude": "",
			"latitude": "",
			"collection": false
		}, {
			"houseId": 1752428,
			"sex": "",
			"roommode": 1,
			"price": 860.0,
			"title": "新中式别墅会聚会旅行会客",
			"coverImg": "http://img.tgljweb.com/house_1491595786467_0961.png",
			"cityName": "西安市",
			"areaName": "雁塔区",
			"maxguest": 8,
			"minguest": 6,
			"uid": 2719105,
			"roomtype": 79,
			"roomtypeName": "独栋别墅",
			"avgLevel": 3.5,
			"commentCount": 2,
			"isCollection": false,
			"avatar": "",
			"roomnum": 3,
			"officenum": 3,
			"isRealtime": false,
			"national": 10001,
			"aroundName": "",
			"aroundDistance": "",
			"orderCount": "",
			"spotName": "曲江池遗址",
			"spotDistance": "2.842273182476883",
			"iszhima": "",
			"longitude": "",
			"latitude": "",
			"collection": false
		}, {
			"houseId": 1761650,
			"sex": "",
			"roommode": 1,
			"price": 2580.0,
			"title": "西溪湿地+豪华山水花园+独栋别墅",
			"coverImg": "http://img.tgljweb.com/house_1499335220379_9173.png",
			"cityName": "杭州市",
			"areaName": "余杭区",
			"maxguest": 30,
			"minguest": 10,
			"uid": 2653547,
			"roomtype": 79,
			"roomtypeName": "独栋别墅",
			"avgLevel": 5.0,
			"commentCount": 3,
			"isCollection": false,
			"avatar": "",
			"roomnum": 3,
			"officenum": 2,
			"isRealtime": true,
			"national": 10001,
			"aroundName": "",
			"aroundDistance": "",
			"orderCount": "",
			"spotName": "",
			"spotDistance": "",
			"iszhima": "",
			"longitude": "",
			"latitude": "",
			"collection": false
		}, {
			"houseId": 1620480,
			"sex": "",
			"roommode": 1,
			"price": 1180.0,
			"title": "英伦派聚会主题别墅轰趴馆",
			"coverImg": "http://img.tgljweb.com/house_32314_1476508974263.png",
			"cityName": "沈阳市",
			"areaName": "于洪区",
			"maxguest": 50,
			"minguest": 8,
			"uid": 2474962,
			"roomtype": 79,
			"roomtypeName": "独栋别墅",
			"avgLevel": 5.0,
			"commentCount": 19,
			"isCollection": false,
			"avatar": "",
			"roomnum": 6,
			"officenum": 2,
			"isRealtime": false,
			"national": 10001,
			"aroundName": "",
			"aroundDistance": "",
			"orderCount": 1,
			"spotName": "新乐遗址",
			"spotDistance": "9.186282395785218",
			"iszhima": 0,
			"longitude": "",
			"latitude": "",
			"collection": false
		}]
	},
	"msg": "success",
	"pageInfo": ""
}